dependency_id,dependency,version_or_identity,purpose,source,licence_identifier,licence_evidence,redistributed_in_repository,network_or_telemetry_behavior,redistribution_concern,disposition,status_notes
DEP-001,CPython,3.14.6,"Deterministic standard-library domain pipeline and tests",https://www.python.org/,PSF-2.0,"Official 3.14.6 licence page records Python Software Foundation License Version 2 and incorporated-software notices; runs/evidence/S2XYZ-CODEX-003/preflight/environment_preflight.txt; no legal approval inferred",false,"No project network use; runtime behavior constrained by application",Not redistributed,"Selected for current-machine lab; repository-local venv created without pip or system packages","Observed available; official evidence recorded"
DEP-002,Windows PowerShell,"Selected child-process host 5.1.26100.8875; initial long-lived host preflight reported 5.1.26100.8655","Out-of-process Windows adapter host","Microsoft Windows OS component","Not independently identified; OS component","Version reconciliation and active executable evidence recorded in runs/evidence/S2XYZ-CODEX-003/preflight/environment_recheck.txt; original observation retained; separate licence approval not claimed",false,"Adapter contract prohibits network and runs NoProfile/NonInteractive",Not redistributed,"Selected child-process version 5.1.26100.8875 for current-machine lab","Actual OCR recheck passed on selected host"
DEP-003,.NET Framework,"Release 533509; mscorlib assembly 4.0.0.0; file/product 4.8.9337.0","PowerShell runtime support for Windows adapter","Microsoft Windows OS/runtime component","Not independently identified; OS/runtime component","Release and mscorlib identity retained in runs/evidence/S2XYZ-CODEX-003/preflight/environment_recheck.txt; separate licence approval not claimed",false,"No project network use",Not redistributed,"Transitive OS-provided runtime; current machine only","Observed available"
DEP-004,System.Drawing/GDI+,"OS-provided on Windows build 10.0.26200.0","Render synthetic labelled text to PNG",https://learn.microsoft.com/en-us/dotnet/api/system.drawing,"Not independently identified; OS component","API and generated-PNG probe observed; Microsoft documents GDI+ as Windows-provided; separate licence approval not claimed",false,"Local rendering only; no network",Not redistributed,"Selected behind replaceable renderer interface; current Windows only","Observed end-to-end rendering"
DEP-005,Windows.Media.Ocr,"OS-managed API on Windows build 10.0.26200.0; en-US; semantic version not exposed","Actual local OCR of generated PNG images",https://learn.microsoft.com/en-us/uwp/api/windows.media.ocr?view=winrt-26100,"Not independently identified; OS component","Actual raw-text probe and failure controls retained at runs/evidence/S2XYZ-CODEX-003/preflight/ocr_probe_observation.json; official desktop documentation requires package identity",false,"Observed local OCR without cloud/runtime download; architecture prohibits network",Not redistributed,"Selected current-machine experimental adapter; replaceable and not generalized to production support","Probe passed; package-identity limitation retained"
DEP-006,Arial regular system font,"OS-provided; 1045720 bytes; SHA-256 b3658eadae55e682b5f69eb64c439c1ecc8f196c0bb8d4756d145d13bc86476a; semantic version not exposed","Deterministic synthetic text rendering","Microsoft Windows font installation","Not independently identified; OS font","Exact identity evidence in runs/evidence/S2XYZ-CODEX-003/preflight/environment_preflight.txt; font remains in place and is not copied",false,"No network","Font binary must not be redistributed","Selected for current-machine fixture; use in place only","Observed render probe passed"
DEP-007,Project Python packages,none,"No third-party application package required","Repository-local .venv created with --without-pip and include-system-site-packages=false",NONE,"Sanitized inventory in runs/evidence/S2XYZ-CODEX-003/preflight/environment_preflight.txt records zero installed distributions",false,"Not applicable",None,"Standard library only; no package-manager file or package installation","Verified isolated environment"
DEP-008,pypdf,6.14.2,"Optional local vector PDF page geometry and text-fragment extraction for Civil Plan Digitizer",https://pypi.org/project/pypdf/6.14.2/,BSD-3-Clause,"Installed wheel metadata reports License-Expression BSD-3-Clause; upstream project is py-pdf/pypdf; no legal approval inferred",false,"Local file parsing only; Screen2XYZ does not call network APIs","Not redistributed; installed by the owner into the local venv","Declared in requirements.txt; image workflow remains available without PDF rendering","Locally installed and covered by synthetic tests"
DEP-009,Poppler pdftoppm/pdfinfo,"Host-provided executable; version varies by installation","Optional local PDF page metadata and raster rendering for Civil Plan Digitizer",https://poppler.freedesktop.org/,GPL-2.0-or-later,"Host executable only; not copied or redistributed by this repository; deployment licence review remains required",false,"Local child process; no network","Not redistributed; availability and licensing vary by host","Replaceable adapter; failure is explicit; pypdf text extraction remains separate","Observed on current development host; real deployment validation required"
